﻿<scraperfunctions>
	<!-- Get OMDBAPI URL from IMDb ID for ratings -->
	<GetRTRatingById dest="5">
		<RegExp input="$$1" output="&lt;details&gt;&lt;url function=&quot;ParseRT$$10&quot; cache=&quot;\1-omdbapi.html&quot;&gt;http://www.omdbapi.com/?i=tt\1&amp;apikey=$INFO[omdbapikey]&amp;r=xml&amp;tomatoes=true&lt;/url&gt;&lt;/details&gt;" dest="5">
			<RegExp input="$INFO[tomato]" output="Tom" dest="10">
				<expression>TomatoMeter</expression>
			</RegExp>
			<RegExp input="$INFO[tomato]" output="Ave" dest="10">
				<expression>Average Rating</expression>
			</RegExp>
			<RegExp input="$INFO[allcritics]" output="All" dest="10+">
				<expression>All Critics</expression>
			</RegExp>
			<RegExp input="$INFO[allcritics]" output="Aud" dest="10+">
				<expression>Audience Score</expression>
			</RegExp>
			<expression>([0-9]{7})</expression>
		</RegExp>
	</GetRTRatingById>

	<!-- Get OMDBAPI URL from IMDb ID for ratings with new method -->
	<GetRTRatingsById dest="5" clearbuffers="no">
		<RegExp input="$$1" output="&lt;details&gt;&lt;url function=&quot;ParseRT$$10New&quot; cache=&quot;\1-omdbapi.html&quot;&gt;http://www.omdbapi.com/?i=tt\1&amp;apikey=$INFO[omdbapikey]&amp;r=xml&amp;tomatoes=true&lt;/url&gt;&lt;/details&gt;" dest="5">
			<RegExp input="$INFO[tomato]" output="Tom" dest="10">
				<expression>TomatoMeter</expression>
			</RegExp>
			<RegExp input="$INFO[tomato]" output="Ave" dest="10">
				<expression>Average Rating</expression>
			</RegExp>
			<RegExp input="$INFO[allcritics]" output="All" dest="10+">
				<expression>All Critics</expression>
			</RegExp>
			<RegExp input="$INFO[allcritics]" output="Aud" dest="10+">
				<expression>Audience Score</expression>
			</RegExp>
			<RegExp input="$$1" output="default=&quot;true&quot;" dest="3">
				<expression clear="yes">\|default$</expression>
			</RegExp>
			<expression>([0-9]{7})</expression>
		</RegExp>
	</GetRTRatingsById>

	<!-- TomatoMeter from All Critics -->
	<ParseRTTomAll dest="5">
		<RegExp input="$$1" output="&lt;details&gt;&lt;rating max=&quot;100&quot;&gt;\1&lt;/rating&gt;&lt;votes&gt;\2&lt;/votes&gt;&lt;/details&gt;" dest="5">
			<expression noclean="1">tomatoMeter=&quot;([^&quot;]+)&quot;.*?tomatoReviews=&quot;([^&quot;]+)</expression>
		</RegExp>
	</ParseRTTomAll>

	<!-- TomatoMeter from Audience-->
	<ParseRTTomAud dest="5">
		<RegExp input="$$1" output="&lt;details&gt;&lt;rating max=&quot;100&quot;&gt;\1&lt;/rating&gt;&lt;votes&gt;\2&lt;/votes&gt;&lt;/details&gt;" dest="5">
			<expression noclean="1">tomatoUserMeter=&quot;([^&quot;]+)&quot;.*?tomatoUserReviews=&quot;([^&quot;]+)</expression>
		</RegExp>
	</ParseRTTomAud>

	<!-- Average Rating from All Critics -->
	<ParseRTAveAll dest="5">
		<RegExp input="$$1" output="&lt;details&gt;&lt;rating&gt;\1&lt;/rating&gt;&lt;votes&gt;\2&lt;/votes&gt;&lt;/details&gt;" dest="5">
			<expression noclean="1">tomatoRating=&quot;([^&quot;]+)&quot;.*?tomatoReviews=&quot;([^&quot;]+)</expression>
		</RegExp>
	</ParseRTAveAll>

	<!-- Average Rating from Audience-->
	<ParseRTAveAud dest="5">
		<RegExp input="$$1" output="&lt;details&gt;&lt;rating max=&quot;5&quot;&gt;\1&lt;/rating&gt;&lt;votes&gt;\2&lt;/votes&gt;&lt;/details&gt;" dest="5">
			<expression noclean="1">tomatoUserRating=&quot;([^&quot;]+)&quot;.*?tomatoUserReviews=&quot;([^&quot;]+)</expression>
		</RegExp>
	</ParseRTAveAud>

	<!-- TomatoMeter from All Critics with new format -->
	<ParseRTTomAllNew dest="5">
		<RegExp input="$$1" output="&lt;details&gt;&lt;ratings&gt;&lt;rating name=&quot;tomatometerallcritics&quot; max=&quot;100&quot; $$3&gt;&lt;value&gt;\1&lt;/value&gt;&lt;votes&gt;\2&lt;/votes&gt;&lt;/rating&gt;&lt;/ratings&gt;&lt;/details&gt;" dest="5">
			<expression noclean="1">tomatoMeter=&quot;([^&quot;]+)&quot;.*?tomatoReviews=&quot;([^&quot;]+)</expression>
		</RegExp>
	</ParseRTTomAllNew>

	<!-- TomatoMeter from Audience with new format -->
	<ParseRTTomAudNew dest="5">
		<RegExp input="$$1" output="&lt;details&gt;&lt;ratings&gt;&lt;rating name=&quot;tomatometerallaudience&quot; max=&quot;100&quot; $$3&gt;&lt;value&gt;\1&lt;/value&gt;&lt;votes&gt;\2&lt;/votes&gt;&lt;/rating&gt;&lt;/ratings&gt;&lt;/details&gt;" dest="5">
			<expression noclean="1">tomatoUserMeter=&quot;([^&quot;]+)&quot;.*?tomatoUserReviews=&quot;([^&quot;]+)</expression>
		</RegExp>
	</ParseRTTomAudNew>

	<!-- Average Rating from All Critics with new format -->
	<ParseRTAveAllNew dest="5">
		<RegExp input="$$1" output="&lt;details&gt;&lt;ratings&gt;&lt;rating name=&quot;tomatometeravgcritics&quot; $$3&gt;&lt;value&gt;\1&lt;/value&gt;&lt;votes&gt;\2&lt;/votes&gt;&lt;/rating&gt;&lt;/ratings&gt;&lt;/details&gt;" dest="5">
			<expression noclean="1">tomatoRating=&quot;([^&quot;]+)&quot;.*?tomatoReviews=&quot;([^&quot;]+)</expression>
		</RegExp>
	</ParseRTAveAllNew>

	<!-- Average Rating from Audience with new format-->
	<ParseRTAveAudNew dest="5">
		<RegExp input="$$1" output="&lt;details&gt;&lt;ratings&gt;&lt;rating name=&quot;tomatometeravgaudience&quot; max=&quot;5&quot; $$3&gt;&lt;value&gt;\1&lt;/value&gt;&lt;votes&gt;\2&lt;/votes&gt;&lt;/rating&gt;&lt;/ratings&gt;&lt;/details&gt;" dest="5">
			<expression noclean="1">tomatoUserRating=&quot;([^&quot;]+)&quot;.*?tomatoUserReviews=&quot;([^&quot;]+)</expression>
		</RegExp>
	</ParseRTAveAudNew>

	<!-- Critics' Consensus -->
	<GetRTOutlineById dest="5">
		<RegExp input="$$1" output="&lt;details&gt;&lt;url function=&quot;ParseRTOutline$$10&quot; cache=&quot;\1-omdbapi.html&quot;&gt;http://www.omdbapi.com/?i=tt\1&amp;apikey=$INFO[omdbapikey]&amp;r=xml&amp;tomatoes=true&lt;/url&gt;&lt;/details&gt;" dest="5">
			<expression>([0-9]{7})</expression>
		</RegExp>
	</GetRTOutlineById>
	<ParseRTOutline dest="5">
		<RegExp input="$$1" output="&lt;details&gt;&lt;outline&gt;\1&lt;/outline&gt;&lt;/details&gt;" dest="5">
			<expression trim="1" noclean="1">tomatoConsensus=&quot;([^&quot;]+)&quot;</expression>
		</RegExp>
		<RegExp input="$$5" output="" dest="5">
			<expression>&lt;details&gt;&lt;outline&gt;No consensus yet.&lt;/outline&gt;&lt;/details&gt;</expression>
		</RegExp>
	</ParseRTOutline>

	<!-- Critics' Consensus -->
	<GetRTCConsensusToPlotById dest="5">
		<RegExp input="$$1" output="&lt;details&gt;&lt;url function=&quot;ParseRTCConsensusToPlot$$10&quot; cache=&quot;\1-omdbapi.html&quot;&gt;http://www.omdbapi.com/?i=tt\1&amp;apikey=$INFO[omdbapikey]&amp;r=xml&amp;tomatoes=true&lt;/url&gt;&lt;/details&gt;" dest="5">
			<expression>([0-9]{7})</expression>
		</RegExp>
	</GetRTCConsensusToPlotById>
	<ParseRTCConsensusToPlot dest="5">
		<RegExp input="$$1" output="&lt;details&gt;&lt;plot&gt;\1&lt;/plot&gt;&lt;/details&gt;" dest="5">
			<expression trim="1" noclean="1">tomatoConsensus=&quot;([^&quot;]+)&quot;</expression>
		</RegExp>
		<RegExp input="$$5" output="" dest="5">
			<expression>&lt;details&gt;&lt;plot&gt;No consensus yet.&lt;/plot&gt;&lt;/details&gt;</expression>
		</RegExp>
	</ParseRTCConsensusToPlot>

	<!-- Plot (NOT ACTIVE)-->
	<GetRTPlotById dest="5">
		<RegExp input="$$1" output="&lt;details&gt;&lt;url function=&quot;ParseRTPlot&quot; cache=&quot;\1-omdbapi.html&quot;&gt;http://www.rottentomatoes.com/alias?type=imdbid&amp;s=\1&lt;/url&gt;&lt;/details&gt;" dest="5">
			<expression>([0-9]{7})</expression>
		</RegExp>
	</GetRTPlotById>
	<ParseRTPlot dest="5">
		<RegExp input="$$1" output="&lt;details&gt;&lt;plot&gt;\1\2&lt;/plot&gt;&lt;/details&gt;" dest="5">
			<expression trim="1">&lt;h2&gt;Movie Info&lt;/h2&gt;[^\w]*([^\n]*)[^&gt;]*&gt;\s([^~&lt;]*)</expression>
		</RegExp>
	</ParseRTPlot>
</scraperfunctions>